gvkey,gvkeyx,from,thru,tic,co_conm,co_tic
001602,000208,1995-01-01,,I0028,AMGEN INC,AMGN
001690,000208,1995-01-01,,I0028,APPLE INC,AAPL
001704,000208,1995-01-01,,I0028,APPLIED MATERIALS INC,AMAT
006008,000208,1995-01-01,,I0028,INTEL CORP,INTC
008253,000208,1995-01-01,,I0028,PACCAR INC,PCAR
008402,000208,1995-01-01,,I0028,PAYCHEX INC,PAYX
012141,000208,1995-01-01,,I0028,MICROSOFT CORP,MSFT
012540,000208,1995-01-01,,I0028,ADOBE INC,ADBE
020779,000208,1995-01-01,,I0028,CISCO SYSTEMS INC,CSCO
024800,000208,1995-01-01,,I0028,QUALCOMM INC,QCOM
029028,000208,1995-01-01,,I0028,COSTCO WHOLESALE CORP,COST
004016,000208,1995-01-01,1995-01-26,I0028,DOLLAR GENERAL CORP,DG
006944,000208,1995-01-01,1995-01-26,I0028,MAGMA POWER CO,MGMA.
013506,000208,1995-01-01,1995-02-12,I0028,QVC INC,0189A
009477,000208,1995-01-01,1995-02-26,I0028,SCIMED LIFE SYSTEMS INC,SMLS
009815,000208,1995-01-01,1995-03-05,I0028,SONOCO PRODUCTS CO,SON
006815,000208,1995-01-01,1995-07-04,I0028,LOTUS DEVELOPMENT CORP,LOTS.
004100,000208,1995-01-01,1995-07-18,I0028,LEGENT CORP,LGNT
002443,000208,1995-01-01,1995-08-17,I0028,BRUNOS INC,BRNO20
008283,000208,1995-01-01,1995-09-26,I0028,PACIFIC TELECOM INC,PTCM
006734,000208,1995-01-01,1995-10-02,I0028,LIN BROADCASTING,LINB
008596,000208,1995-01-01,1995-11-05,I0028,PIONEER HI-BRED INTERNATIONL,PHB.1
007609,000208,1995-01-01,1995-11-26,I0028,MULTIMEDIA INC,MMEDC
009168,000208,1995-01-01,1995-11-26,I0028,CALIBER SYSTEMS INC,CBB.1
001055,000208,1995-01-01,1995-12-17,I0028,AST RESEARCH INC,ASTA.
001254,000208,1995-01-01,1995-12-17,I0028,MATSON INC,MATX
002938,000208,1995-01-01,1995-12-17,I0028,CHARMING SHOPPES INC,CHRS.1
003505,000208,1995-01-01,1995-12-17,I0028,MOLSON COORS BEVERAGE CO,TAP
005690,000208,1995-01-01,1995-12-17,I0028,HNI CORP,HNI
007921,000208,1995-01-01,1995-12-17,I0028,NORDSON CORP,NDSN
010386,000208,1995-01-01,1995-12-17,I0028,TECUMSEH PRODUCTS CO,TECU
011649,000208,1995-01-01,1995-12-17,I0028,YELLOW CORP,YELLQ
013500,000208,1995-01-01,1995-12-17,I0028,INTELLIGENT ELECTRONICS INC,INEL.2
024357,000208,1995-01-01,1996-02-28,I0028,BAY NETWORKS INC,BAY.3
010948,000208,1995-01-01,1996-07-16,I0028,U S HEALTHCARE INC,USHC
024216,000208,1995-01-01,1996-09-29,I0028,AES CORP (THE),AES
009372,000208,1995-01-01,1996-11-24,I0028,ST JUDE MEDICAL INC,STJ
001849,000208,1995-01-01,1996-12-22,I0028,ASA HOLDINGS INC,ASAI.
002282,000208,1995-01-01,1996-12-22,I0028,BOB EVANS FARMS,BOBE
005783,000208,1995-01-01,1996-12-22,I0028,HUNT (JB) TRANSPRT SVCS INC,JBHT
006379,000208,1995-01-01,1996-12-22,I0028,KELLY SERVICES INC  -CL A,KELYA
006565,000208,1995-01-01,1996-12-22,I0028,LAM RESEARCH CORP,LRCX
007401,000208,1995-01-01,1996-12-22,I0028,MILLERKNOLL INC,MLKN
010085,000208,1995-01-01,1996-12-22,I0028,STEWART & STEVENSON SERVICES,SVC.2
011502,000208,1995-01-01,1996-12-22,I0028,WILLAMETTE INDUSTRIES,WLL.1
014244,000208,1995-01-01,1996-12-22,I0028,VANGUARD CELLULAR SYS  -CL A,VCELA
014524,000208,1995-01-01,1996-12-22,I0028,ACCLAIM ENTERTAINMENT INC,AKLM
015802,000208,1995-01-01,1996-12-22,I0028,SKYTEL COMMUNICATIONS INC,SKYT.
016475,000208,1995-01-01,1996-12-22,I0028,GIDDINGS & LEWIS INC/WI,GIDL
024782,000208,1995-01-01,1996-12-22,I0028,PERRIGO CO PLC,PRGO
010115,000208,1995-01-01,1997-07-23,I0028,STRYKER CORP,SYK
010793,000208,1995-01-01,1997-10-14,I0028,TYSON FOODS INC  -CL A,TSN
012587,000208,1995-01-01,1998-01-06,I0028,ASCENTIAL SOFTWARE CORP,ASCL
016401,000208,1995-01-01,1998-01-06,I0028,CIRRUS LOGIC INC,CRUS
024186,000208,1995-01-01,1998-01-06,I0028,OSI RESTAURANT PARTNERS INC,OSI.4
024510,000208,1995-01-01,1998-01-06,I0028,PAGING NETWORK INC,PAGE
001468,000208,1995-01-01,1998-02-10,I0028,AMERICAN GREETINGS  -CL A,AM.1
021081,000208,1995-01-01,1998-08-26,I0028,VIKING OFFICE PRODUCTS INC,VKNG.
003705,000208,1995-01-01,1998-08-27,I0028,DSC COMMUNICATIONS CORP,DIGI.1
006864,000208,1995-01-01,1998-09-15,I0028,MCI COMMUNICATIONS,MCIC.
024409,000208,1995-01-01,1998-12-20,I0028,SYBASE INC,SY.3
010393,000208,1995-01-01,1999-03-09,I0028,TELE-COMM TCI GROUP  -SER A,TCOMA
007146,000208,1995-01-01,1999-05-24,I0028,MCCORMICK & CO INC,MKC
007922,000208,1995-01-01,1999-06-09,I0028,NORDSTROM INC,JWN
008867,000208,1995-01-01,1999-08-03,I0028,QUANTUM CORP,QMCO
004828,000208,1995-01-01,1999-09-08,I0028,DELHAIZE AMERICA INC,DEG1
002846,000208,1995-01-01,1999-10-05,I0028,CENTOCOR INC,CNTO.
001651,000208,1995-01-01,1999-12-19,I0028,ANDREW CORP,ANDW
001878,000208,1995-01-01,1999-12-19,I0028,AUTODESK INC,ADSK
003570,000208,1995-01-01,1999-12-19,I0028,CRACKER BARREL OLD CTRY STOR,CBRL
011600,000208,1995-01-01,1999-12-19,I0028,WORTHINGTON ENTERPRISES INC,WOR
013397,000208,1995-01-01,1999-12-19,I0028,FIRST HEALTH GROUP CORP,FHCC
009699,000208,1995-01-01,2000-12-17,I0028,SIGMA-ALDRICH CORP,SIAL
012126,000208,1995-01-01,2000-12-17,I0028,PACIFICARE HEALTH SYSTEMS,PHS
012256,000208,1995-01-01,2000-12-17,I0028,STEEL EXCEL INC,SXCL
014565,000208,1995-01-01,2000-12-17,I0028,AMERICAN POWER CONVERSION CP,APCC.
014650,000208,1995-01-01,2001-03-12,I0028,BMC SOFTWARE INC,BMC
010553,000208,1995-01-01,2001-12-23,I0028,3COM CORP,COMS.
011910,000208,1995-01-01,2001-12-23,I0028,NOVELL INC,NOVL
018699,000208,1995-01-01,2001-12-23,I0028,PTC INC,PTC
001164,000208,1995-01-01,2002-07-23,I0028,MCI INC,MCIP
003226,000208,1995-01-01,2002-11-18,I0028,COMCAST CORP,CMCSA
023767,000208,1995-01-01,2002-12-22,I0028,ATMEL CORP,ATML
002226,000208,1995-01-01,2003-11-12,I0028,BIOGEN INC-OLD,BGEN
001013,000208,1995-01-01,2003-12-21,I0028,ADC TELECOMMUNICATIONS INC,ADCT.1
026011,000208,1995-01-01,2004-12-19,I0028,COMPUWARE CORP,CPWR.1
024870,000208,1995-01-01,2005-08-14,I0028,NEXTEL COMMUNICATIONS INC,NXTL
007506,000208,1995-01-01,2005-12-20,I0028,MOLEX INC,MOLX
003011,000208,1995-01-01,2006-04-20,I0028,CHIRON CORP,CHIR.1
002230,000208,1995-01-01,2007-07-17,I0028,BIOMET INC,5938B
010420,000208,1995-01-01,2008-05-19,I0028,TELLABS INC,TLAB
012136,000208,1995-01-01,2009-07-16,I0028,SUN MICROSYSTEMS INC,JAVA.1
003062,000208,1995-01-01,2010-12-19,I0028,CINTAS CORP,CTAS
012233,000208,1995-01-01,2011-04-03,I0028,GENZYME CORP,GENZ
016721,000208,1995-01-01,2012-12-27,I0028,ELECTRONIC ARTS INC,EA
012142,000208,1995-01-01,2013-07-14,I0028,ORACLE CORP,ORCL
014489,000208,1995-01-01,2013-10-29,I0028,DELL TECHNOLOGIES INC,DELL
015521,000208,1995-01-01,2015-12-20,I0028,STAPLES INC,SPLS
012216,000208,1995-01-01,2016-10-18,I0028,LINEAR TECHNOLOGY CORP,LLTC
022325,000208,1995-01-01,2022-02-15,I0028,XILINX INC,XLNX
025563,000208,1995-01-27,1996-07-09,I0028,STRATACOM INC,STRM.1
008902,000208,1995-01-27,1998-01-06,I0028,RPM INTERNATIONAL INC,RPM
009472,000208,1995-02-13,1996-12-22,I0028,SCHULMAN (A.) INC,SHLM
006304,000208,1995-02-27,2016-02-25,I0028,KLA CORP,KLAC
005399,000208,1995-03-06,1999-01-12,I0028,HBO & CO,HBOC.1
028289,000208,1995-07-05,1996-12-30,I0028,MFS COMMUNICATIONS INC,MFST.
014324,000208,1995-07-19,2015-10-06,I0028,ALTERA CORP,ALTR.1
007672,000208,1995-08-18,2000-12-17,I0028,NORTHWEST AIRLINES CORP,NWA
024548,000208,1995-09-27,1997-06-11,I0028,U S ROBOTICS CORP,USRX
014340,000208,1995-10-03,1998-01-06,I0028,EDCI HOLDINGS INC,EDCI
025056,000208,1995-11-06,1996-08-01,I0028,TIME WARNER INC,TWX
029345,000208,1995-11-27,1997-05-21,I0028,GATEWAY INC,GTW
027928,000208,1995-11-27,1998-01-06,I0028,INTUIT INC,INTU
024608,000208,1995-12-18,1996-12-22,I0028,READ-RITE CORP,RDRTQ
024197,000208,1995-12-18,1998-01-06,I0028,IDEXX LABS INC,IDXX
028648,000208,1995-12-18,1998-01-06,I0028,PETSMART INC,PETM
029144,000208,1995-12-18,1998-01-06,I0028,BOSTON CHICKEN INC,BCHXQ
012441,000208,1995-12-18,1998-09-14,I0028,GARTNER INC,IT
026905,000208,1995-12-18,1998-12-20,I0028,GENERAL NUTRITION COS  -CL A,GNCI.
018484,000208,1995-12-18,1999-12-19,I0028,WEB.COM INC,WWWW.1
025944,000208,1995-12-18,2004-12-28,I0028,PEOPLESOFT INC,PSFT.
014256,000208,1995-12-18,2007-10-02,I0028,MAXIM INTEGRATED PRODUCTS,MXIM
024381,000208,1996-02-29,1998-12-20,I0028,OXFORD HEALTH PLANS INC,OHP
030203,000208,1996-07-10,1999-06-24,I0028,ASCEND COMMUNICATIONS INC,ASND.1
030545,000208,1996-07-17,1997-06-30,I0028,CASCADE COMMUNICATIONS CORP,CSCC.
009063,000208,1996-08-02,1997-06-11,I0028,AUTONATION INC,AN
030237,000208,1996-09-30,1999-05-27,I0028,FORE SYSTEMS INC,FORE.1
025434,000208,1996-11-25,,I0028,STARBUCKS CORP,SBUX
012144,000208,1996-12-23,1997-06-03,I0028,SUNGARD DATA SYSTEMS INC,0139A
004850,000208,1996-12-23,1997-08-12,I0028,FORT HOWARD CORP,FORT.1
013369,000208,1996-12-23,1998-01-06,I0028,KOMAG INC,KOMG
024069,000208,1996-12-23,1998-12-20,I0028,WISCONSIN CENTRAL TRANSPORTN,WCLX
024858,000208,1996-12-23,1998-12-20,I0028,PHYCOR INC,3PHYCQ
028848,000208,1996-12-23,1998-12-20,I0028,PAIRGAIN TECHNOLOGIES INC,PAIR.
030576,000208,1996-12-23,1998-12-20,I0028,ADTRAN HOLDINGS INC,ADTN
030689,000208,1996-12-23,1999-10-26,I0028,CORPORATE EXPRESS INC,CEXP.
025774,000208,1996-12-23,1999-12-19,I0028,ELECTRONICS FOR IMAGING INC,EFII
024975,000208,1996-12-23,2000-12-17,I0028,SYNOPSYS INC,SNPS
025783,000208,1996-12-23,2000-12-17,I0028,MCAFEE INC,MFE
030095,000208,1996-12-23,2000-12-17,I0028,QUINTILES TRANSNATIONAL CORP,0573B
003373,000208,1996-12-23,2002-11-06,I0028,CONCORD EFS INC,CE.2
025338,000208,1996-12-23,2016-12-18,I0028,BED BATH & BEYOND INC,BBBYQ
012635,000208,1996-12-23,2023-06-06,I0028,FISERV INC,FI
014225,000208,1996-12-31,1999-12-19,I0028,FASTENAL CO,FAST
061143,000208,1997-05-22,1999-03-17,I0028,NETSCAPE COMMUNICATIONS CORP,NSCP
027965,000208,1997-06-04,2013-12-29,I0028,MICROCHIP TECHNOLOGY INC,MCHP
009248,000208,1997-06-12,1999-12-19,I0028,ROSS STORES INC,ROST
007401,000208,1997-06-12,2000-12-17,I0028,MILLERKNOLL INC,MLKN
031537,000208,1997-07-01,1998-12-20,I0028,U S OFFICE PRODUCTS CO,OFISQ
006242,000208,1997-07-24,2005-12-20,I0028,SMURFIT-STONE CONTAINER CORP,SSCC.
024538,000208,1997-08-13,1999-12-19,I0028,STEWART ENTERPRISES  -CL A,STEI
061340,000208,1997-10-15,2004-08-18,I0028,PANAMSAT CORP,SPOT.1
024908,000208,1998-01-07,1998-12-20,I0028,DURA PHARMACEUTICALS INC,DURA.1
022140,000208,1998-01-07,1998-12-29,I0028,ALLIED WASTE INDUSTRIES INC,AW
006218,000208,1998-01-07,1999-05-04,I0028,JACOR COMMUNICATIONS,JCOR
028250,000208,1998-01-07,1999-07-13,I0028,AMFM INC,AFM.3
009098,000208,1998-01-07,1999-12-19,I0028,THOMSON REUTERS PLC,TRIN.1
012171,000208,1998-01-07,1999-12-19,I0028,TECH DATA CORP,TECD
028130,000208,1998-01-07,1999-12-19,I0028,CAMBRIDGE TECHNOLOGY PARTNER,CATP
031122,000208,1998-01-07,2000-12-17,I0028,APOLLO EDUCATION GROUP INC,APOL
005885,000208,1998-01-07,2002-07-14,I0028,IMMUNEX CORP,IMNX
004439,000208,1998-01-07,2003-12-21,I0028,TELEFONAKTIEBOLAGET LM ERICS,ERIC
061676,000208,1998-01-07,2020-12-18,I0028,CITRIX SYSTEMS INC,CTXS
028469,000208,1998-02-11,1999-12-19,I0028,REXALL SUNDOWN INC,RXSD
013440,000208,1998-08-27,2001-12-23,I0028,LEVEL 3 COMMUNICATIONS INC,LVLT
064967,000208,1998-08-28,1999-12-29,I0028,QWEST COMMUNICATION INTL-OLD,Q.1
026061,000208,1998-09-15,2009-12-21,I0028,MATCH GROUP INC,MTCH
062634,000208,1998-09-16,2017-06-16,I0028,ALTABA INC,AABA
027928,000208,1998-12-21,,I0028,INTUIT INC,INTU
064768,000208,1998-12-21,,I0028,AMAZON.COM INC,AMZN
003216,000208,1998-12-21,1999-11-21,I0028,COMAIR HOLDINGS INC,COMR
025062,000208,1998-12-21,1999-12-19,I0028,LINCARE HOLDINGS INC,LNCR
024361,000208,1998-12-21,2000-10-26,I0028,PTV INC,PTVI
031587,000208,1998-12-21,2000-12-17,I0028,DOLLAR TREE INC,DLTR
063023,000208,1998-12-21,2001-12-23,I0028,MCLEODUSA INC  -CL A,MCLD.1
024803,000208,1998-12-21,2002-12-22,I0028,VITESSE SEMICONDUCTOR CORP,VTSS
029356,000208,1998-12-21,2005-07-05,I0028,VERITAS SOFTWARE CORP,VRTS.1
028139,000208,1998-12-30,2005-12-20,I0028,SANMINA CORP,SANM
012884,000208,1999-01-13,2007-02-05,I0028,COMVERSE TECHNOLOGY INC,CMVT
065068,000208,1999-03-10,2001-10-03,I0028,AT HOME CORP,3ATHMQ
029621,000208,1999-03-18,2001-12-23,I0028,STEEL CONNECT INC,STCN
029241,000208,1999-05-05,2006-12-19,I0028,VIAVI SOLUTIONS INC,VIAV
063194,000208,1999-05-25,2001-12-23,I0028,CNET NETWORKS INC,CNET.
062550,000208,1999-05-28,2000-10-29,I0028,LYCOS INC,LCOS.
014897,000208,1999-06-10,2000-09-06,I0028,VISX INC/DE,EYE.1
063180,000208,1999-06-25,2006-02-07,I0028,SIEBEL SYSTEMS INC,SEBL
116526,000208,1999-07-14,2002-12-22,I0028,CONEXANT SYSTEMS INC,CNXT.1
064356,000208,1999-08-04,2003-12-21,I0028,CIENA CORP,CIEN
113491,000208,1999-09-09,2000-11-05,I0028,GLOBAL CROSSING LTD,GLBC
114524,000208,1999-10-06,,I0028,EBAY INC,EBAY
120178,000208,1999-10-27,2001-05-30,I0028,VOICESTREAM WIRELESS CORP,VSTR.
065899,000208,1999-11-22,2001-12-23,I0028,REALNETWORKS INC,RNWK
065488,000208,1999-12-20,2000-06-08,I0028,NETWORK SOLUTIONS INC,NSOL.
060969,000208,1999-12-20,2000-12-17,I0028,LEGATO SYSTEMS INC,LGTO.1
031620,000208,1999-12-20,2001-02-12,I0028,SDL INC,SDLI
065489,000208,1999-12-20,2001-12-16,I0028,XO HOLDINGS INC -CL A,3XOHO
063099,000208,1999-12-20,2001-12-23,I0028,BROADVISION INC,BVSN
065706,000208,1999-12-20,2001-12-23,I0028,ABOVENET INC,ABVT
012484,000208,1999-12-20,2002-06-02,I0028,ADELPHIA COMMUN  -CL A,ADELQ
023943,000208,1999-12-20,2002-12-22,I0028,PMC-SIERRA INC,PMCS
062712,000208,1999-12-20,2002-12-22,I0028,I2 TECHNOLOGIES INC,ITWO
065904,000208,1999-12-20,2002-12-22,I0028,APPLIED MICRO CIRCUITS CORP,AMCC
064853,000208,1999-12-20,2003-12-21,I0028,QORVO INC,QRVO
029791,000208,1999-12-20,2005-12-20,I0028,QLOGIC CORP,QLGC
024008,000208,1999-12-20,2007-06-04,I0028,MEDIMMUNE INC,MEDI.1
060900,000208,1999-12-20,2010-12-19,I0028,DISH NETWORK CORP,DISH
061591,000208,1999-12-20,2016-12-18,I0028,NETAPP INC,NTAP
062261,000208,1999-12-30,2002-12-15,I0028,GEMSTAR-TV GUIDE INTL INC,GMST
066368,000208,2000-06-09,2012-12-27,I0028,VERISIGN INC,VRSN
121718,000208,2000-09-07,2009-10-28,I0028,JUNIPER NETWORKS INC,JNPR
121493,000208,2000-10-27,2001-12-23,I0028,ARIBA INC,ARBA
066708,000208,2000-10-30,2015-11-10,I0028,BROADCOM CORP,BRCM
132502,000208,2000-11-06,2001-12-23,I0028,PALM INC,PALM
024468,000208,2000-12-18,,I0028,BIOGEN INC,BIIB
106368,000208,2000-12-18,2001-10-04,I0028,EXODUS COMMUNICATIONS INC,3EXDSQ
111488,000208,2000-12-18,2001-12-23,I0028,INKTOMI CORP,INKT.1
011135,000208,2000-12-18,2002-12-22,I0028,RATIONAL SOFTWARE CORP,RATL
112178,000208,2000-12-18,2002-12-22,I0028,ABGENIX INC,ABGX
029312,000208,2000-12-18,2003-12-21,I0028,HUMAN GENOME SCIENCES INC,HGSI
064156,000208,2000-12-18,2003-12-21,I0028,MONSTER WORLDWIDE INC,MWW
062784,000208,2000-12-18,2005-12-20,I0028,MILLENNIUM PHARMACEUTICALS,MLNM
029095,000208,2000-12-18,2006-01-03,I0028,MERCURY INTERACTIVE CORP,MERQ.1
064606,000208,2000-12-18,2008-05-06,I0028,BEA SYSTEMS INC,BEAS
030170,000208,2000-12-18,2012-12-27,I0028,FLEX LTD,FLEX
063185,000208,2000-12-18,2021-12-20,I0028,CHECK POINT SOFTWARE TECHN,CHKP
120774,000208,2001-02-13,2003-12-21,I0028,BROCADE COMMUNICATIONS SYS,BRCD
014623,000208,2001-03-13,2005-12-20,I0028,NOVELLUS SYSTEMS INC,NVLS.1
117768,000208,2001-05-31,2004-12-19,I0028,NVIDIA CORP,NVDA
063051,000208,2001-10-04,2002-12-22,I0028,ANDRX CORP,ADRX
024856,000208,2001-10-05,,I0028,GILEAD SCIENCES INC,GILD
031122,000208,2001-12-17,2012-12-27,I0028,APOLLO EDUCATION GROUP INC,APOL
006003,000208,2001-12-24,2002-12-22,I0028,INTEGRATED DEVICE TECH INC,IDTI
024473,000208,2001-12-24,2002-12-22,I0028,SEPRACOR INC,SEPR
024699,000208,2001-12-24,2002-12-22,I0028,IMCLONE SYSTEMS INC,IMCL.1
024878,000208,2001-12-24,2002-12-22,I0028,PDL BIOPHARMA INC,PDLI
062336,000208,2001-12-24,2002-12-22,I0028,CYTYC CORP,CYTC
126136,000208,2001-12-24,2002-12-22,I0028,CHARTER COMMUNICATIONS INC,CHTR
024110,000208,2001-12-24,2003-12-21,I0028,ICOS CORP,ICOS
023945,000208,2001-12-24,2004-12-19,I0028,CEPHALON INC,CEPH
024975,000208,2001-12-24,2005-12-20,I0028,SYNOPSYS INC,SNPS
118577,000208,2001-12-24,2005-12-20,I0028,LIFE TECHNOLOGIES CORP,LIFE.3
028320,000208,2001-12-24,2007-10-09,I0028,CDW CORP,CDW
025356,000208,2001-12-24,2018-12-28,I0028,EXPRESS SCRIPTS HOLDING CO,ESRX
015855,000208,2001-12-24,2019-12-23,I0028,GEN DIGITAL INC,GEN
031587,000208,2002-06-03,2005-12-20,I0028,DOLLAR TREE INC,DLTR
009699,000208,2002-07-15,2015-08-04,I0028,SIGMA-ALDRICH CORP,SIAL
025062,000208,2002-07-24,2006-12-19,I0028,LINCARE HOLDINGS INC,LNCR
014538,000208,2002-11-07,2012-05-29,I0028,TEVA PHARMACEUTICALS,TEVA
003226,000208,2002-11-19,,I0028,COMCAST CORP,CMCSA
025880,000208,2002-12-16,2010-12-19,I0028,PATTERSON COS INC,PDCO
014225,000208,2002-12-23,,I0028,FASTENAL CO,FAST
005116,000208,2002-12-23,2004-12-19,I0028,GENTEX CORP,GNTX
013397,000208,2002-12-23,2004-12-19,I0028,FIRST HEALTH GROUP CORP,FHCC
029108,000208,2002-12-23,2004-12-19,I0028,PATTERSON-UTI ENERGY INC,PTEN
061494,000208,2002-12-23,2004-12-19,I0028,HENRY SCHEIN INC,HSIC
064835,000208,2002-12-23,2004-12-19,I0028,RYANAIR HOLDINGS PLC,RYAAY
061627,000208,2002-12-23,2006-05-16,I0028,PIXAR,PIXR
014565,000208,2002-12-23,2007-02-13,I0028,AMERICAN POWER CONVERSION CP,APCC.
009248,000208,2002-12-23,2007-12-27,I0028,ROSS STORES INC,ROST
024893,000208,2002-12-23,2008-12-29,I0028,WHOLE FOODS MARKET INC,WFM
028648,000208,2002-12-23,2008-12-29,I0028,PETSMART INC,PETM
063422,000208,2002-12-23,2008-12-29,I0028,LAMAR ADVERTISING CO  -CL A,LAMR
013700,000208,2002-12-23,2013-12-29,I0028,DENTSPLY SIRONA INC,XRAY
004494,000208,2002-12-23,2015-12-20,I0028,EXPEDITORS INTL WASH INC,EXPD
065609,000208,2002-12-23,2015-12-20,I0028,C H ROBINSON WORLDWIDE INC,CHRW
061513,000208,2003-11-13,2008-12-29,I0028,SANDISK CORP,SNDK
013440,000208,2003-12-22,2005-12-20,I0028,LEVEL 3 COMMUNICATIONS INC,LVLT
066379,000208,2003-12-22,2005-12-20,I0028,PERDOCEO EDUCATION CORP,PRDO
130762,000208,2003-12-22,2005-12-20,I0028,INTERSIL CORP  -CL A,ISIL
029322,000208,2003-12-22,2006-10-22,I0028,ATI TECHNOLOGIES INC,ATYT
006565,000208,2003-12-22,2012-12-27,I0028,LAM RESEARCH CORP,LRCX
065986,000208,2003-12-22,2012-12-27,I0028,BLACKBERRY LTD,BB
137310,000208,2003-12-22,2012-12-27,I0028,MARVELL TECHNOLOGY INC,MRVL
141459,000208,2003-12-22,2015-12-20,I0028,GARMIN LTD,GRMN
006307,000208,2004-08-19,2013-12-29,I0028,SEARS HOLDINGS CORP,SHLDQ
001878,000208,2004-12-20,,I0028,AUTODESK INC,ADSK
001164,000208,2004-12-20,2006-01-10,I0028,MCI INC,MCIP
004439,000208,2004-12-20,2007-12-27,I0028,TELEFONAKTIEBOLAGET LM ERICS,ERIC
124442,000208,2004-12-20,2007-12-27,I0028,XM SATELLITE RADIO HLDGS INC,XMSR
030662,000208,2004-12-20,2008-12-29,I0028,SIRIUS XM HOLDINGS INC,SIRI
153668,000208,2004-12-20,2008-12-29,I0028,VIRGIN MEDIA INC,VMED
160549,000208,2004-12-20,2009-12-21,I0028,LIBERTY GLOBAL LTD,LBTYK
149318,000208,2004-12-20,2015-12-20,I0028,WYNN RESORTS LTD,WYNN
111864,000208,2004-12-29,,I0028,COGNIZANT TECH SOLUTIONS,CTSH
013599,000208,2005-07-06,2019-11-20,I0028,CELGENE CORP,CELG
024473,000208,2005-08-15,2007-12-27,I0028,SEPRACOR INC,SEPR
117768,000208,2005-12-21,,I0028,NVIDIA CORP,NVDA
160329,000208,2005-12-21,,I0028,ALPHABET INC,GOOGL
122841,000208,2005-12-21,2006-12-11,I0028,RED HAT INC,RHT
029150,000208,2005-12-21,2006-12-19,I0028,URBAN OUTFITTERS INC,URBN
061355,000208,2005-12-21,2007-12-04,I0028,CHECKFREE CORP,CKFR
029108,000208,2005-12-21,2007-12-27,I0028,PATTERSON-UTI ENERGY INC,PTEN
001111,000208,2005-12-21,2008-07-09,I0028,ACTIVISION INC,ATVI.1
064156,000208,2005-12-21,2008-11-11,I0028,MONSTER WORLDWIDE INC,MWW
013421,000208,2005-12-21,2008-12-29,I0028,CADENCE DESIGN SYSTEMS INC,CDNS
164296,000208,2005-12-21,2008-12-29,I0028,WARNER BROS DISCOVERY INC,WBD
140902,000208,2005-12-21,2011-12-20,I0028,NII HOLDINGS INC,NIHD
126296,000208,2005-12-21,2014-12-21,I0028,EXPEDIA GROUP INC,EXPE
013003,000208,2006-01-04,2011-12-06,I0028,JOY GLOBAL INC,JOY
024843,000208,2006-01-11,2008-12-29,I0028,AMYLIN PHARMACEUTICALS INC,AMLN
136725,000208,2006-02-08,,I0028,INTUITIVE SURGICAL INC,ISRG
125595,000208,2006-04-21,2009-12-21,I0028,AKAMAI TECHNOLOGIES INC,AKAM
030024,000208,2006-05-17,2011-05-26,I0028,MILLICOM INTL CELLULAR SA,TIGO
174147,000208,2006-10-23,2018-12-28,I0028,QURATE RETAIL INC,QRTEA
030059,000208,2006-12-12,2007-03-07,I0028,AMERN EAGLE OUTFITTERS INC,AEO
024344,000208,2006-12-20,,I0028,VERTEX PHARMACEUTICALS INC,VRTX
013440,000208,2006-12-20,2008-12-29,I0028,LEVEL 3 COMMUNICATIONS INC,LVLT
211009,000208,2006-12-20,2012-12-11,I0028,INFOSYS LTD,INFY
102696,000208,2007-02-06,2010-12-19,I0028,LOGITECH INTERNATIONAL SA,LOGI
064835,000208,2007-02-14,2009-12-21,I0028,RYANAIR HOLDINGS PLC,RYAAY
010795,000208,2007-03-08,2008-07-22,I0028,UNITED AIRLINES HOLDINGS INC,UAL
023945,000208,2007-06-05,2011-07-19,I0028,CEPHALON INC,CEPH
004864,000208,2007-07-18,2010-12-19,I0028,FOSTER WHEELER AG,FWLT
061494,000208,2007-10-03,2019-12-23,I0028,HENRY SCHEIN INC,HSIC
114484,000208,2007-10-10,2008-12-29,I0028,LEAP WIRELESS INTL INC,LEAP.5
164532,000208,2007-12-05,2022-12-19,I0028,BAIDU INC,BIDU
164283,000208,2007-12-28,2009-01-20,I0028,FOCUS MEDIA HOLDING LTD,FMCN
024316,000208,2007-12-28,2009-12-21,I0028,MONSTER BEVERAGE CORP,MNST
064030,000208,2007-12-28,2009-12-21,I0028,STEEL DYNAMICS INC,STLD
020904,000208,2007-12-28,2010-12-19,I0028,HOLOGIC INC,HOLX
063527,000208,2007-12-28,2016-12-18,I0028,STERICYCLE INC,SRCL
012206,000208,2008-05-07,2015-07-27,I0028,DIRECTV,DTV.2
003310,000208,2008-05-20,2018-11-06,I0028,CA INC,CA
180405,000208,2008-07-10,2023-07-16,I0028,ACTIVISION BLIZZARD INC,ATVI
028477,000208,2008-07-23,2011-12-20,I0028,FLIR SYSTEMS INC,FLIR
150937,000208,2008-11-12,2018-12-28,I0028,SEAGATE TECHNOLOGY HOLDINGS,STX
001891,000208,2008-12-30,,I0028,AUTOMATIC DATA PROCESSING,ADP
009248,000208,2008-12-30,,I0028,ROSS STORES INC,ROST
028180,000208,2008-12-30,,I0028,O'REILLY AUTOMOTIVE INC,ORLY
061871,000208,2008-12-30,2009-12-21,I0028,PHARMACEUTICAL PROD DEV INC,PPDI
005783,000208,2008-12-30,2010-12-19,I0028,HUNT (JB) TRANSPRT SVCS INC,JBHT
029150,000208,2008-12-30,2011-12-20,I0028,URBAN OUTFITTERS INC,URBN
138205,000208,2008-12-30,2011-12-20,I0028,ILLUMINA INC,ILMN
175404,000208,2008-12-30,2012-04-22,I0028,FIRST SOLAR INC,FSLR
175163,000208,2008-12-30,2012-12-27,I0028,WARNER CHILCOTT PLC,WCRX
118577,000208,2008-12-30,2013-08-28,I0028,LIFE TECHNOLOGIES CORP,LIFE.3
014256,000208,2008-12-30,2014-12-21,I0028,MAXIM INTEGRATED PRODUCTS,MXIM
012886,000208,2009-01-21,2019-03-19,I0028,TWENTY-FIRST CENTURY FOX INC,TFCFA
012850,000208,2009-07-17,2021-12-20,I0028,CERNER CORP,CERN
119314,000208,2009-10-29,,I0028,BOOKING HOLDINGS INC,BKNG
063186,000208,2009-12-22,2011-12-20,I0028,QIAGEN NV,QGEN
153668,000208,2009-12-22,2013-06-04,I0028,VIRGIN MEDIA INC,VMED
014650,000208,2009-12-22,2013-07-29,I0028,BMC SOFTWARE INC,BMC
061513,000208,2009-12-22,2016-03-15,I0028,SANDISK CORP,SNDK
007116,000208,2009-12-22,2017-10-27,I0028,MATTEL INC,MAT
014894,000208,2009-12-22,2018-12-28,I0028,VODAFONE GROUP PUBLIC LTD,VOD
007637,000208,2009-12-22,2019-12-23,I0028,VIATRIS INC,VTRS
007343,000208,2010-12-20,,I0028,MICRON TECHNOLOGY INC,MU
031587,000208,2010-12-20,,I0028,DOLLAR TREE INC,DLTR
157413,000208,2010-12-20,2012-07-23,I0028,TRIP COM GROUP LTD,TCOM
147579,000208,2010-12-20,2012-12-27,I0028,NETFLIX INC,NFLX
121077,000208,2010-12-20,2014-12-21,I0028,F5 INC,FFIV
024893,000208,2010-12-20,2016-12-18,I0028,WHOLE FOODS MARKET INC,WFM
125595,000208,2010-12-20,2017-12-17,I0028,AKAMAI TECHNOLOGIES INC,AKAM
062263,000208,2011-04-04,2021-07-21,I0028,ALEXION PHARMACEUTICALS INC,ALXN
028877,000208,2011-05-27,2012-12-27,I0028,KEURIG DR PEPPER INC,KDP
030662,000208,2011-07-20,,I0028,SIRIUS XM HOLDINGS INC,SIRI
024782,000208,2011-12-07,2013-06-05,I0028,PERRIGO CO PLC,PRGO
024316,000208,2011-12-19,,I0028,MONSTER BEVERAGE CORP,MNST
180711,000208,2011-12-19,,I0028,BROADCOM INC,AVGO
205692,000208,2011-12-19,2013-11-19,I0028,RANDGOLD RESOURCES LTD,GOLD.3
028118,000208,2011-12-19,2013-12-22,I0028,FOSSIL GROUP INC,FOSL
061685,000208,2011-12-19,2013-12-22,I0028,NUANCE COMMUNICATIONS INC,NUAN
010499,000208,2012-04-23,,I0028,TEXAS INSTRUMENTS INC,TXN
165675,000208,2012-05-30,2017-12-17,I0028,VIACOM INC,VIAB
142953,000208,2012-07-24,,I0028,MONDELEZ INTERNATIONAL INC,MDLZ
170617,000208,2012-12-12,,I0028,META PLATFORMS INC,META
001632,000208,2012-12-24,,I0028,ANALOG DEVICES INC,ADI
023812,000208,2012-12-24,,I0028,REGENERON PHARMACEUTICALS,REGN
180652,000208,2012-12-24,,I0028,VERISK ANALYTICS INC,VRSK
032280,000208,2012-12-24,2013-03-17,I0028,STARZ,STRZA
138743,000208,2012-12-24,2015-03-22,I0028,EQUINIX INC,EQIX
031616,000208,2012-12-24,2015-07-26,I0028,CATAMARAN CORP,CTRX
121382,000208,2012-12-24,2017-03-27,I0028,SBA COMMUNICATIONS CORP,SBAC
164296,000208,2012-12-24,2017-12-15,I0028,WARNER BROS DISCOVERY INC,WBD
011399,000208,2012-12-24,2020-10-16,I0028,WESTERN DIGITAL CORP,WDC
160549,000208,2012-12-24,2020-12-18,I0028,LIBERTY GLOBAL LTD,LBTYK
012978,000208,2013-03-20,2015-07-02,I0028,KRAFT FOODS GROUP INC,KRFT
017010,000208,2013-06-05,2016-04-17,I0028,LIBERTY MEDIA SIRIUSXM GROUP,LSXMK
147579,000208,2013-06-06,,I0028,NETFLIX INC,NFLX
184996,000208,2013-07-15,,I0028,TESLA INC,TSLA
126136,000208,2013-07-30,,I0028,CHARTER COMMUNICATIONS INC,CHTR
028877,000208,2013-08-29,2015-12-20,I0028,KEURIG DR PEPPER INC,KDP
063987,000208,2013-10-30,2015-12-20,I0028,VEON LTD,VEON
028930,000208,2013-11-20,,I0028,MARRIOTT INTL INC,MAR
138205,000208,2013-12-23,,I0028,ILLUMINA INC,ILMN
184725,000208,2013-12-23,2017-02-21,I0028,NXP SEMICONDUCTORS NV,NXPI
199356,000208,2013-12-23,2017-05-03,I0028,TRIPADVISOR INC,TRIP
029736,000208,2013-12-23,2017-12-15,I0028,TRACTOR SUPPLY CO,TSCO
060900,000208,2013-12-23,2018-07-20,I0028,DISH NETWORK CORP,DISH
160329,000208,2014-04-03,,I0028,ALPHABET INC,GOOGL
017010,000208,2014-07-30,2016-04-17,I0028,LIBERTY MEDIA SIRIUSXM GROUP,LSXMK
013664,000208,2014-10-15,2018-03-11,I0028,GCI LIBERTY INC,GLIBA
006565,000208,2014-12-22,,I0028,LAM RESEARCH CORP,LRCX
016721,000208,2014-12-22,,I0028,ELECTRONIC ARTS INC,EA
003226,000208,2014-12-22,2015-12-11,I0028,COMCAST CORP,CMCSA
012886,000208,2014-12-22,2019-03-19,I0028,TWENTY-FIRST CENTURY FOX INC,TFCFA
001045,000208,2014-12-22,2020-04-20,I0028,AMERICAN AIRLINES GROUP INC,AAL
011264,000208,2015-03-23,,I0028,WALGREENS BOOTS ALLIANCE INC,WBA
024724,000208,2015-07-02,2015-12-20,I0028,LIBERTY LATIN AMERICA LTD,LILAK
005568,000208,2015-07-03,,I0028,KRAFT HEINZ CO,KHC
122257,000208,2015-07-28,2020-12-18,I0028,BIOMARIN PHARMACEUTICAL INC,BMRN
019744,000208,2015-07-29,,I0028,JD.COM INC,JD
001327,000208,2015-08-05,2022-12-19,I0028,SKYWORKS SOLUTIONS INC,SWKS
029127,000208,2015-10-07,2021-12-20,I0028,INCYTE CORP,INCY
024616,000208,2015-11-11,,I0028,PAYPAL HOLDINGS INC,PYPL
017874,000208,2015-12-21,,I0028,T-MOBILE US INC,TMUS
063645,000208,2015-12-21,2016-07-19,I0028,ENDO INTERNATIONAL PLC,ENDPQ
104432,000208,2015-12-21,2017-12-17,I0028,NORWEGIAN CRUISE LINE HLDGS,NCLH
126296,000208,2015-12-21,2020-12-18,I0028,EXPEDIA GROUP INC,EXPE
178704,000208,2015-12-21,2020-12-18,I0028,ULTA BEAUTY INC,ULTA
014256,000208,2015-12-21,2021-08-25,I0028,MAXIM INTEGRATED PRODUCTS,MXIM
157413,000208,2015-12-21,2021-12-20,I0028,TRIP COM GROUP LTD,TCOM
002574,000208,2016-02-26,,I0028,CSX CORP,CSX
137435,000208,2016-03-16,2022-12-19,I0028,NETEASE INC,NTES
027186,000208,2016-04-18,2016-06-21,I0028,ATLANTA BRAVES HOLDINGS INC,BATRK
027187,000208,2016-04-18,2016-06-21,I0028,LIBERTY MEDIA FORMULA ONE,FWONK
013700,000208,2016-06-22,2018-11-29,I0028,DENTSPLY SIRONA INC,XRAY
027965,000208,2016-07-20,,I0028,MICROCHIP TECHNOLOGY INC,MCHP
212340,000208,2016-10-19,2018-12-28,I0028,SHIRE PLC,SHPG
003062,000208,2016-12-19,,I0028,CINTAS CORP,CTAS
006304,000208,2016-12-19,,I0028,KLA CORP,KLAC
024724,000208,2016-12-19,2018-01-02,I0028,LIBERTY LATIN AMERICA LTD,LILAK
020904,000208,2016-12-19,2018-12-28,I0028,HOLOGIC INC,HOLX
005518,000208,2016-12-19,2019-12-23,I0028,HASBRO INC,HAS
005783,000208,2017-02-08,2019-12-23,I0028,HUNT (JB) TRANSPRT SVCS INC,JBHT
024197,000208,2017-03-20,,I0028,IDEXX LABS INC,IDXX
149318,000208,2017-04-27,2019-12-23,I0028,WYNN RESORTS LTD,WYNN
178081,000208,2017-06-19,,I0028,MERCADOLIBRE INC,MELI
141384,000208,2017-10-30,,I0028,ALIGN TECHNOLOGY INC,ALGN
013421,000208,2017-12-18,,I0028,CADENCE DESIGN SYSTEMS INC,CDNS
015044,000208,2017-12-18,,I0028,WORKDAY INC,WDAY
024975,000208,2017-12-18,,I0028,SYNOPSYS INC,SNPS
061214,000208,2017-12-18,,I0028,ASML HOLDING NV,ASML
064630,000208,2017-12-18,2020-12-18,I0028,TAKE-TWO INTERACTIVE SFTWR,TTWO
008479,000208,2018-07-24,,I0028,PEPSICO INC,PEP
184725,000208,2018-11-07,,I0028,NXP SEMICONDUCTORS NV,NXPI
007977,000208,2018-11-29,,I0028,XCEL ENERGY INC,XEL
001161,000208,2018-12-28,,I0028,ADVANCED MICRO DEVICES,AMD
178015,000208,2018-12-28,,I0028,LULULEMON ATHLETICA INC,LULU
144009,000208,2018-12-28,2020-04-30,I0028,WILLIS TOWERS WATSON PLC,WTW
010795,000208,2018-12-28,2020-06-22,I0028,UNITED AIRLINES HOLDINGS INC,UAL
061591,000208,2018-12-28,2020-08-21,I0028,NETAPP INC,NTAP
066368,000208,2018-12-28,2022-12-19,I0028,VERISIGN INC,VRSN
008539,000208,2019-11-21,,I0028,EXELON CORP,EXC
029901,000208,2019-12-23,,I0028,COPART INC,CPRT
063080,000208,2019-12-23,,I0028,ANSYS INC,ANSS
141460,000208,2019-12-23,,I0028,SEAGEN INC,SGEN
112111,000208,2019-12-23,2020-07-20,I0028,COSTAR GROUP INC,CSGP
028320,000208,2019-12-23,2021-12-20,I0028,CDW CORP,CDW
170616,000208,2019-12-23,2022-12-19,I0028,SPLUNK INC,SPLK
034636,000208,2020-03-19,2021-12-20,I0028,FOX CORP,FOXA
162887,000208,2020-04-20,,I0028,DEXCOM INC,DXCM
035005,000208,2020-04-30,,I0028,ZOOM VIDEO COMUNICATIONS INC,ZM
033301,000208,2020-06-22,2022-12-19,I0028,DOCUSIGN INC,DOCU
034410,000208,2020-07-20,,I0028,MODERNA INC,MRNA
033861,000208,2020-08-24,,I0028,PDD HOLDINGS INC,PDD
028877,000208,2020-10-19,,I0028,KEURIG DR PEPPER INC,KDP
001440,000208,2020-12-21,,I0028,AMERICAN ELECTRIC POWER CO,AEP
026494,000208,2020-12-21,,I0028,ATLASSIAN CORP,TEAM
137310,000208,2020-12-21,,I0028,MARVELL TECHNOLOGY INC,MRVL
035627,000208,2020-12-21,2022-01-24,I0028,PELOTON INTERACTIVE INC,PTON
030736,000208,2020-12-21,2022-11-18,I0028,OKTA INC,OKTA
026061,000208,2020-12-21,2022-12-19,I0028,MATCH GROUP INC,MTCH
001300,000208,2021-07-21,,I0028,HONEYWELL INTERNATIONAL INC,HON
035182,000208,2021-08-26,,I0028,CROWDSTRIKE HOLDINGS INC,CRWD
033037,000208,2021-12-20,,I0028,ZSCALER INC,ZS
035620,000208,2021-12-20,,I0028,DATADOG INC,DDOG
037460,000208,2021-12-20,,I0028,AIRBNB INC,ABNB
039337,000208,2021-12-20,,I0028,LUCID GROUP INC,LCID
171067,000208,2021-12-20,,I0028,PALO ALTO NETWORKS INC,PANW
183377,000208,2021-12-20,,I0028,FORTINET INC,FTNT
024617,000208,2022-01-24,,I0028,OLD DOMINION FREIGHT,ODFL
040614,000208,2022-02-02,,I0028,CONSTELLATION ENE CORP,CEG
028272,000208,2022-02-22,,I0028,ASTRAZENECA PLC,AZN
187450,000208,2022-11-21,,I0028,ENPHASE ENERGY INC,ENPH
032106,000208,2022-12-19,,I0028,BAKER HUGHES CO,BKR
039822,000208,2022-12-19,,I0028,GLOBALFOUNDRIES INC,GFS
112111,000208,2022-12-19,,I0028,COSTAR GROUP INC,CSGP
164296,000208,2022-12-19,,I0028,WARNER BROS DISCOVERY INC,WBD
170750,000208,2022-12-19,,I0028,DIAMONDBACK ENERGY INC,FANG
039811,000208,2022-12-19,2023-06-19,I0028,RIVIAN AUTOMOTIVE INC,RIVN
041818,000208,2023-06-07,,I0028,GE HEALTHCARE TECHNOLOGI INC,GEHC
134932,000208,2023-06-20,,I0028,ON SEMICONDUCTOR CORP,ON
027885,000208,2023-07-17,,I0028,TRADE DESK INC,TTD